<?xml version = '1.0' encoding = 'UTF-8'?>
<Relation class="oracle.dbtools.crest.model.design.logical.Relation" name="C2A" directorySegmentName="seg_0" id="079B4909-3CA4-ED38-1D62-21761D215AC2">
<createdBy>Tykiera</createdBy>
<createdTime>2017-04-22 16:56:33 UTC</createdTime>
<ownerDesignName>BarberShop2</ownerDesignName>
<engineerTo>
<item key="4205CD52-22C5-BF54-AD2B-266B586927D5" value="true"/>
</engineerTo>
<sourcePk>159CE644-4BCC-1E20-6CBB-3403923EE833</sourcePk>
<identifying>false</identifying>
<optionalSource>true</optionalSource>
<optionalTarget>false</optionalTarget>
<sourceCardinality>1</sourceCardinality>
<sourceEntity>2ABC2A21-184A-1F2B-8339-C742C27AB824</sourceEntity>
<targetCardinalityString>*</targetCardinalityString>
<targetEntity>E0B54DED-095B-EEF6-1C55-8CAFC3749B74</targetEntity>
<transferable>true</transferable>
<deleteRule>NO ACTION</deleteRule>
</Relation>