<?xml version = '1.0' encoding = 'UTF-8'?>
<Relation class="oracle.dbtools.crest.model.design.logical.Relation" name="C2S" directorySegmentName="seg_0" id="1941055E-86E8-1535-138C-823B6B64D5A3">
<createdBy>Tykiera</createdBy>
<createdTime>2017-04-22 17:02:08 UTC</createdTime>
<ownerDesignName>BarberShop2</ownerDesignName>
<engineerTo>
<item key="4205CD52-22C5-BF54-AD2B-266B586927D5" value="true"/>
</engineerTo>
<sourcePk>159CE644-4BCC-1E20-6CBB-3403923EE833</sourcePk>
<identifying>false</identifying>
<optionalSource>true</optionalSource>
<optionalTarget>false</optionalTarget>
<sourceCardinality>1</sourceCardinality>
<sourceEntity>2ABC2A21-184A-1F2B-8339-C742C27AB824</sourceEntity>
<targetCardinalityString>*</targetCardinalityString>
<targetEntity>520E3699-2C31-8156-53C6-C2D8971AD744</targetEntity>
<transferable>true</transferable>
<deleteRule>NO ACTION</deleteRule>
</Relation>