<?xml version = '1.0' encoding = 'UTF-8'?>
<Relation class="oracle.dbtools.crest.model.design.logical.Relation" name="E2A" directorySegmentName="seg_0" id="1A06CFAD-256A-04FC-06B9-19960F9C7F67">
<createdBy>Tykiera</createdBy>
<createdTime>2017-04-22 16:57:14 UTC</createdTime>
<ownerDesignName>BarberShop2</ownerDesignName>
<engineerTo>
<item key="4205CD52-22C5-BF54-AD2B-266B586927D5" value="true"/>
</engineerTo>
<sourcePk>9FCA505F-9CAE-6D1E-2CD9-7FBB0D05FB22</sourcePk>
<identifying>false</identifying>
<optionalSource>true</optionalSource>
<optionalTarget>false</optionalTarget>
<sourceCardinality>1</sourceCardinality>
<sourceEntity>621389F9-C496-C7E4-5D6F-D76933DDD281</sourceEntity>
<targetCardinalityString>*</targetCardinalityString>
<targetEntity>E0B54DED-095B-EEF6-1C55-8CAFC3749B74</targetEntity>
<transferable>true</transferable>
<deleteRule>NO ACTION</deleteRule>
</Relation>