<?xml version = '1.0' encoding = 'UTF-8'?>
<Relation class="oracle.dbtools.crest.model.design.logical.Relation" name="E2S" directorySegmentName="seg_0" id="4DE9C0A5-F5B1-265C-37A6-FBFE4DE1D673">
<createdBy>Tykiera</createdBy>
<createdTime>2017-04-22 16:59:53 UTC</createdTime>
<ownerDesignName>BarberShop2</ownerDesignName>
<lineWidth>2</lineWidth>
<engineerTo>
<item key="4205CD52-22C5-BF54-AD2B-266B586927D5" value="true"/>
</engineerTo>
<sourcePk>9FCA505F-9CAE-6D1E-2CD9-7FBB0D05FB22</sourcePk>
<identifying>false</identifying>
<optionalSource>true</optionalSource>
<optionalTarget>false</optionalTarget>
<sourceCardinality>1</sourceCardinality>
<sourceEntity>621389F9-C496-C7E4-5D6F-D76933DDD281</sourceEntity>
<targetCardinalityString>*</targetCardinalityString>
<targetEntity>520E3699-2C31-8156-53C6-C2D8971AD744</targetEntity>
<transferable>true</transferable>
<deleteRule>NO ACTION</deleteRule>
</Relation>