<?xml version = '1.0' encoding = 'UTF-8'?>
<Relation class="oracle.dbtools.crest.model.design.logical.Relation" name="S2A" directorySegmentName="seg_0" id="CDD53BCD-9843-7CBE-774C-E51289A44911">
<createdBy>Tykiera</createdBy>
<createdTime>2017-04-22 16:56:14 UTC</createdTime>
<ownerDesignName>BarberShop2</ownerDesignName>
<engineerTo>
<item key="4205CD52-22C5-BF54-AD2B-266B586927D5" value="true"/>
</engineerTo>
<sourcePk>BB2D4388-3BB2-5B98-A236-A812D13F6313</sourcePk>
<identifying>false</identifying>
<optionalSource>true</optionalSource>
<optionalTarget>false</optionalTarget>
<sourceCardinality>1</sourceCardinality>
<sourceEntity>520E3699-2C31-8156-53C6-C2D8971AD744</sourceEntity>
<targetCardinalityString>*</targetCardinalityString>
<targetEntity>E0B54DED-095B-EEF6-1C55-8CAFC3749B74</targetEntity>
<transferable>true</transferable>
<deleteRule>NO ACTION</deleteRule>
</Relation>