<?xml version = '1.0' encoding = 'UTF-8'?>
<Table class="oracle.dbtools.crest.model.design.relational.Table" directorySegmentName="seg_0" id="2E44B555-7E28-720E-1B81-46887B8B3A01" name="Services">
<createdBy>Tykiera</createdBy>
<createdTime>2017-04-22 16:50:21 UTC</createdTime>
<generatorID>520E3699-2C31-8156-53C6-C2D8971AD744</generatorID>
<ownerDesignName>BarberShop2</ownerDesignName>
<allowColumnReorder>false</allowColumnReorder>
<existDependencyGenerateInDDl>true</existDependencyGenerateInDDl>
<parsed>true</parsed>
<columns itemClass="oracle.dbtools.crest.model.design.relational.Column">
<Column name="serv_price" id="D7B70A30-818C-63A8-8D9C-47C074E7D125">
<createdBy>Tykiera</createdBy>
<createdTime>2017-04-22 16:50:21 UTC</createdTime>
<generatorID>5191E5F4-DCF6-5A0E-00EC-9074FAC914FF</generatorID>
<ownerDesignName>BarberShop2</ownerDesignName>
<nullsAllowed>true</nullsAllowed>
<use>0</use>
<logicalDatatype>LOGDT019</logicalDatatype>
<domain>0CFD0345-F560-5DBC-A9CF-A2622251FC31</domain>
<ownDataTypeParameters>,,</ownDataTypeParameters>
<autoIncrementCycle>false</autoIncrementCycle>
</Column>
<Column name="serv_name" id="1E76564D-9642-AB22-0E66-291690665DE3">
<createdBy>Tykiera</createdBy>
<createdTime>2017-04-22 16:50:21 UTC</createdTime>
<generatorID>51AC0D61-A107-E9F3-02C8-D561929B0C90</generatorID>
<ownerDesignName>BarberShop2</ownerDesignName>
<nullsAllowed>true</nullsAllowed>
<use>0</use>
<logicalDatatype>LOGDT024</logicalDatatype>
<domain>7AD61411-F1C5-D817-EF26-5E7A48C0B9B9</domain>
<ownDataTypeParameters>,,</ownDataTypeParameters>
<autoIncrementCycle>false</autoIncrementCycle>
</Column>
<Column name="serv_ID" id="5D8C7FDD-6085-4121-9F64-5D49D935B1A2">
<createdBy>Tykiera</createdBy>
<createdTime>2017-04-22 16:50:21 UTC</createdTime>
<generatorID>065321FE-CA97-83D2-9E61-ECE9AB73CAD2</generatorID>
<ownerDesignName>BarberShop2</ownerDesignName>
<use>0</use>
<logicalDatatype>LOGDT019</logicalDatatype>
<domain>3B80FA74-F0DD-EC49-C243-937A3D91BCB9</domain>
<ownDataTypeParameters>,,</ownDataTypeParameters>
<autoIncrementCycle>false</autoIncrementCycle>
</Column>
<Column name="Employees_emp_ID1" id="177DB5C6-E096-FE5B-0352-128942BFB087">
<createdBy>Tykiera</createdBy>
<createdTime>2017-04-22 17:03:20 UTC</createdTime>
<generatorID>DA5C47FC-9C65-2C13-9A30-7A51A2EB84F3</generatorID>
<ownerDesignName>BarberShop2</ownerDesignName>
<use>0</use>
<logicalDatatype>LOGDT019</logicalDatatype>
<domain>3B80FA74-F0DD-EC49-C243-937A3D91BCB9</domain>
<ownDataTypeParameters>,,</ownDataTypeParameters>
<previousColumn>false</previousColumn>
<autoIncrementCycle>false</autoIncrementCycle>
<associations>
<colAssociation fkAssociation="55C0E266-5D77-1795-2BEB-005BA6BB512A" referredColumn="745520C3-A7C7-4A6F-A241-A864CFB00760"/>
</associations>
</Column>
<Column name="Customers_cust_ID" id="6603E269-148F-6E3A-806D-5B5F6CE216F8">
<createdBy>Tykiera</createdBy>
<createdTime>2017-04-22 17:03:20 UTC</createdTime>
<generatorID>6157D2FE-52D5-46AF-F088-44DC25027F61</generatorID>
<ownerDesignName>BarberShop2</ownerDesignName>
<use>0</use>
<logicalDatatype>LOGDT019</logicalDatatype>
<domain>3B80FA74-F0DD-EC49-C243-937A3D91BCB9</domain>
<ownDataTypeParameters>,,</ownDataTypeParameters>
<previousColumn>false</previousColumn>
<autoIncrementCycle>false</autoIncrementCycle>
<associations>
<colAssociation fkAssociation="25006268-6198-4492-D44B-985A7FD9D8B8" referredColumn="D120D41B-1D18-6A09-113E-6500652A6170"/>
</associations>
</Column>
</columns>
<indexes itemClass="oracle.dbtools.crest.model.design.relational.Index">
<ind_PK_UK id="F05300C2-1ADE-1FA3-E822-BDE9836B4FD8" name="Services_PK">
<createdBy>Tykiera</createdBy>
<createdTime>2017-04-22 16:50:21 UTC</createdTime>
<generatorID>BB2D4388-3BB2-5B98-A236-A812D13F6313</generatorID>
<ownerDesignName>BarberShop2</ownerDesignName>
<pk>true</pk>
<indexState>Primary Constraint</indexState>
<isSurrogateKey>false</isSurrogateKey>
<indexColumnUsage>
<colUsage columnID="5D8C7FDD-6085-4121-9F64-5D49D935B1A2"/>
</indexColumnUsage>
</ind_PK_UK>
<ind_PK_UK id="EE7A0782-7A97-BA08-4AEE-909CE33F424F" name="Services_Customers_FK">
<createdBy>Tykiera</createdBy>
<createdTime>2017-04-22 17:03:20 UTC</createdTime>
<generatorID>1941055E-86E8-1535-138C-823B6B64D5A3</generatorID>
<ownerDesignName>BarberShop2</ownerDesignName>
<indexState>Foreign Key</indexState>
<isSurrogateKey>false</isSurrogateKey>
<indexColumnUsage>
<colUsage columnID="6603E269-148F-6E3A-806D-5B5F6CE216F8"/>
</indexColumnUsage>
</ind_PK_UK>
<ind_PK_UK id="4F5B7B26-D36A-F2A5-0E12-4E10BDDC541E" name="Services_Employees_FKv1">
<createdBy>Tykiera</createdBy>
<createdTime>2017-04-22 17:03:20 UTC</createdTime>
<generatorID>4DE9C0A5-F5B1-265C-37A6-FBFE4DE1D673</generatorID>
<ownerDesignName>BarberShop2</ownerDesignName>
<indexState>Foreign Key</indexState>
<isSurrogateKey>false</isSurrogateKey>
<indexColumnUsage>
<colUsage columnID="177DB5C6-E096-FE5B-0352-128942BFB087"/>
</indexColumnUsage>
</ind_PK_UK>
</indexes>
</Table>