<?xml version = '1.0' encoding = 'UTF-8'?>
<Table class="oracle.dbtools.crest.model.design.relational.Table" directorySegmentName="seg_0" id="46C574B6-7E92-B782-1259-A1D969E29481" name="Customers">
<createdBy>Tykiera</createdBy>
<createdTime>2017-04-22 16:50:21 UTC</createdTime>
<generatorID>2ABC2A21-184A-1F2B-8339-C742C27AB824</generatorID>
<ownerDesignName>BarberShop2</ownerDesignName>
<abbreviation>cust</abbreviation>
<allowColumnReorder>false</allowColumnReorder>
<existDependencyGenerateInDDl>true</existDependencyGenerateInDDl>
<parsed>true</parsed>
<columns itemClass="oracle.dbtools.crest.model.design.relational.Column">
<Column name="cust_fname" id="78209C76-1205-DE07-0510-BCC34CA73C08">
<createdBy>Tykiera</createdBy>
<createdTime>2017-04-22 16:50:21 UTC</createdTime>
<generatorID>649A0D97-1ACE-8943-1A85-72F899C35231</generatorID>
<ownerDesignName>BarberShop2</ownerDesignName>
<use>0</use>
<logicalDatatype>LOGDT024</logicalDatatype>
<domain>7AD61411-F1C5-D817-EF26-5E7A48C0B9B9</domain>
<ownDataTypeParameters>,,</ownDataTypeParameters>
<autoIncrementCycle>false</autoIncrementCycle>
</Column>
<Column name="cust_lname" id="EABD7C0C-B9E4-4AFA-10FE-E1FD1C6F866B">
<createdBy>Tykiera</createdBy>
<createdTime>2017-04-22 16:50:21 UTC</createdTime>
<generatorID>F1B4D580-4AD4-1F9C-6A47-6E828253C1C7</generatorID>
<ownerDesignName>BarberShop2</ownerDesignName>
<use>0</use>
<logicalDatatype>LOGDT024</logicalDatatype>
<domain>7AD61411-F1C5-D817-EF26-5E7A48C0B9B9</domain>
<ownDataTypeParameters>,,</ownDataTypeParameters>
<autoIncrementCycle>false</autoIncrementCycle>
</Column>
<Column name="cust_phone" id="88DD8B04-7FDA-9A5D-A40F-C94170E89CB2">
<createdBy>Tykiera</createdBy>
<createdTime>2017-04-22 16:50:21 UTC</createdTime>
<generatorID>BEC5F904-5977-546B-F8D8-ED113C401DF7</generatorID>
<ownerDesignName>BarberShop2</ownerDesignName>
<use>0</use>
<logicalDatatype>LOGDT024</logicalDatatype>
<domain>A89D6FC5-23A1-6169-F560-CF11A8CA6223</domain>
<ownDataTypeParameters>,,</ownDataTypeParameters>
<autoIncrementCycle>false</autoIncrementCycle>
</Column>
<Column name="cust_ID" id="D120D41B-1D18-6A09-113E-6500652A6170">
<createdBy>Tykiera</createdBy>
<createdTime>2017-04-22 16:50:21 UTC</createdTime>
<generatorID>22D2D790-1DD4-6EE5-8828-6A9BA31133A2</generatorID>
<ownerDesignName>BarberShop2</ownerDesignName>
<use>0</use>
<logicalDatatype>LOGDT019</logicalDatatype>
<domain>3B80FA74-F0DD-EC49-C243-937A3D91BCB9</domain>
<ownDataTypeParameters>,,</ownDataTypeParameters>
<autoIncrementCycle>false</autoIncrementCycle>
</Column>
</columns>
<indexes itemClass="oracle.dbtools.crest.model.design.relational.Index">
<ind_PK_UK id="4A3E5441-F3F6-B22C-F5FF-E36724E22B03" name="Customers_PK">
<createdBy>Tykiera</createdBy>
<createdTime>2017-04-22 16:50:21 UTC</createdTime>
<generatorID>159CE644-4BCC-1E20-6CBB-3403923EE833</generatorID>
<ownerDesignName>BarberShop2</ownerDesignName>
<pk>true</pk>
<indexState>Primary Constraint</indexState>
<isSurrogateKey>false</isSurrogateKey>
<indexColumnUsage>
<colUsage columnID="D120D41B-1D18-6A09-113E-6500652A6170"/>
</indexColumnUsage>
</ind_PK_UK>
</indexes>
</Table>