<?xml version = '1.0' encoding = 'UTF-8'?>
<Table class="oracle.dbtools.crest.model.design.relational.Table" directorySegmentName="seg_0" id="9DF8D493-5695-533D-2D66-F1C44B6F7CA0" name="Appointments">
<createdBy>Tykiera</createdBy>
<createdTime>2017-04-22 16:50:21 UTC</createdTime>
<generatorID>E0B54DED-095B-EEF6-1C55-8CAFC3749B74</generatorID>
<ownerDesignName>BarberShop2</ownerDesignName>
<abbreviation>appt</abbreviation>
<allowColumnReorder>false</allowColumnReorder>
<existDependencyGenerateInDDl>true</existDependencyGenerateInDDl>
<parsed>true</parsed>
<columns itemClass="oracle.dbtools.crest.model.design.relational.Column">
<Column name="appt_ID" id="13B510D9-E6AB-A211-C5CB-B9624074A8D8">
<createdBy>Tykiera</createdBy>
<createdTime>2017-04-22 16:50:21 UTC</createdTime>
<generatorID>58EA4ECF-E716-FECF-7139-112912F84C7B</generatorID>
<ownerDesignName>BarberShop2</ownerDesignName>
<use>0</use>
<logicalDatatype>LOGDT019</logicalDatatype>
<domain>3B80FA74-F0DD-EC49-C243-937A3D91BCB9</domain>
<ownDataTypeParameters>,,</ownDataTypeParameters>
<autoIncrementCycle>false</autoIncrementCycle>
</Column>
<Column name="Services_serv_ID" id="E60A720E-8A2E-C8C0-CC0D-16EDF448D711">
<createdBy>Tykiera</createdBy>
<createdTime>2017-04-22 16:50:21 UTC</createdTime>
<generatorID>6C71A923-89A6-D9AF-F3C1-557AED7F947C</generatorID>
<ownerDesignName>BarberShop2</ownerDesignName>
<use>0</use>
<logicalDatatype>LOGDT019</logicalDatatype>
<domain>3B80FA74-F0DD-EC49-C243-937A3D91BCB9</domain>
<ownDataTypeParameters>,,</ownDataTypeParameters>
<previousColumn>false</previousColumn>
<autoIncrementCycle>false</autoIncrementCycle>
<associations>
<colAssociation fkAssociation="33E83477-6858-FF7E-9D96-05D471228EC5" referredColumn="5D8C7FDD-6085-4121-9F64-5D49D935B1A2"/>
</associations>
</Column>
<Column name="Employees_emp_ID" id="457AC9AA-5D06-4EC2-3C9A-0B276868AC5B">
<createdBy>Tykiera</createdBy>
<createdTime>2017-04-22 16:50:21 UTC</createdTime>
<generatorID>54A867A3-D55E-0944-2862-C0CB21DA188C</generatorID>
<ownerDesignName>BarberShop2</ownerDesignName>
<use>0</use>
<logicalDatatype>LOGDT019</logicalDatatype>
<domain>3B80FA74-F0DD-EC49-C243-937A3D91BCB9</domain>
<ownDataTypeParameters>,,</ownDataTypeParameters>
<previousColumn>false</previousColumn>
<autoIncrementCycle>false</autoIncrementCycle>
<associations>
<colAssociation fkAssociation="4875D3C0-1987-8591-3628-EE943317A6E5" referredColumn="745520C3-A7C7-4A6F-A241-A864CFB00760"/>
</associations>
</Column>
<Column name="Services_serv_ID1" id="D6DA009C-4D8F-D0F9-C1AA-63E4E89D3D4D">
<createdBy>Tykiera</createdBy>
<createdTime>2017-04-22 17:03:20 UTC</createdTime>
<generatorID>C106402E-3C84-F64C-D255-E3F77657797E</generatorID>
<ownerDesignName>BarberShop2</ownerDesignName>
<use>0</use>
<logicalDatatype>LOGDT019</logicalDatatype>
<domain>3B80FA74-F0DD-EC49-C243-937A3D91BCB9</domain>
<ownDataTypeParameters>,,</ownDataTypeParameters>
<previousColumn>false</previousColumn>
<autoIncrementCycle>false</autoIncrementCycle>
<associations>
<colAssociation fkAssociation="3922ECA9-94F1-5235-3A03-7F96E7A14C60" referredColumn="5D8C7FDD-6085-4121-9F64-5D49D935B1A2"/>
</associations>
</Column>
<Column name="Customers_cust_ID1" id="02B6A283-2015-29C1-0639-8FBD376D3D7C">
<createdBy>Tykiera</createdBy>
<createdTime>2017-04-22 17:03:20 UTC</createdTime>
<generatorID>DBB1C124-1EB3-D655-F1E9-4F6227877FFC</generatorID>
<ownerDesignName>BarberShop2</ownerDesignName>
<use>0</use>
<logicalDatatype>LOGDT019</logicalDatatype>
<domain>3B80FA74-F0DD-EC49-C243-937A3D91BCB9</domain>
<ownDataTypeParameters>,,</ownDataTypeParameters>
<previousColumn>false</previousColumn>
<autoIncrementCycle>false</autoIncrementCycle>
<associations>
<colAssociation fkAssociation="8A76E786-0AAB-2A60-E3D6-A7EFB5B819C0" referredColumn="D120D41B-1D18-6A09-113E-6500652A6170"/>
</associations>
</Column>
</columns>
<indexes itemClass="oracle.dbtools.crest.model.design.relational.Index">
<ind_PK_UK id="E8079BF9-9D17-83D2-E144-AAA24F0E897A" name="Appointments_PK">
<createdBy>Tykiera</createdBy>
<createdTime>2017-04-22 16:50:21 UTC</createdTime>
<generatorID>E249094B-5656-6283-3402-7FFD8321A04B</generatorID>
<ownerDesignName>BarberShop2</ownerDesignName>
<pk>true</pk>
<indexState>Primary Constraint</indexState>
<isSurrogateKey>false</isSurrogateKey>
<indexColumnUsage>
<colUsage columnID="13B510D9-E6AB-A211-C5CB-B9624074A8D8"/>
</indexColumnUsage>
</ind_PK_UK>
<ind_PK_UK id="4A6C33AB-5049-DD3C-2D0C-4CFB520DCB35" name="Appointments_Employees_FK">
<createdBy>Tykiera</createdBy>
<createdTime>2017-04-22 16:50:21 UTC</createdTime>
<generatorID>165E0359-6540-2318-420D-1EDE26942B7A</generatorID>
<ownerDesignName>BarberShop2</ownerDesignName>
<indexState>Foreign Key</indexState>
<isSurrogateKey>false</isSurrogateKey>
<indexColumnUsage>
<colUsage columnID="457AC9AA-5D06-4EC2-3C9A-0B276868AC5B"/>
</indexColumnUsage>
</ind_PK_UK>
<ind_PK_UK id="EADD74B0-864C-83C6-946E-76F15DCE5CDF" name="Appointments_Services_FK">
<createdBy>Tykiera</createdBy>
<createdTime>2017-04-22 16:50:21 UTC</createdTime>
<generatorID>E5E439BA-B674-9882-5EE4-EA2862BFD808</generatorID>
<ownerDesignName>BarberShop2</ownerDesignName>
<indexState>Foreign Key</indexState>
<isSurrogateKey>false</isSurrogateKey>
<indexColumnUsage>
<colUsage columnID="E60A720E-8A2E-C8C0-CC0D-16EDF448D711"/>
</indexColumnUsage>
</ind_PK_UK>
<ind_PK_UK id="76CB4590-BF25-AB27-51FE-707F1C5DCC76" name="Appointments_Customers_FKv1">
<createdBy>Tykiera</createdBy>
<createdTime>2017-04-22 17:03:20 UTC</createdTime>
<generatorID>079B4909-3CA4-ED38-1D62-21761D215AC2</generatorID>
<ownerDesignName>BarberShop2</ownerDesignName>
<indexState>Foreign Key</indexState>
<isSurrogateKey>false</isSurrogateKey>
<indexColumnUsage>
<colUsage columnID="02B6A283-2015-29C1-0639-8FBD376D3D7C"/>
</indexColumnUsage>
</ind_PK_UK>
<ind_PK_UK id="4495B0B1-C514-B598-070F-4C9D4E89C11D" name="Appointments_Services_FKv1">
<createdBy>Tykiera</createdBy>
<createdTime>2017-04-22 17:03:20 UTC</createdTime>
<generatorID>CDD53BCD-9843-7CBE-774C-E51289A44911</generatorID>
<ownerDesignName>BarberShop2</ownerDesignName>
<indexState>Foreign Key</indexState>
<isSurrogateKey>false</isSurrogateKey>
<indexColumnUsage>
<colUsage columnID="D6DA009C-4D8F-D0F9-C1AA-63E4E89D3D4D"/>
</indexColumnUsage>
</ind_PK_UK>
</indexes>
</Table>