<?xml version = '1.0' encoding = 'UTF-8'?>
<Table class="oracle.dbtools.crest.model.design.relational.Table" directorySegmentName="seg_0" id="FA0C73E2-AF89-98E3-278B-D5354CDB97E6" name="Employees">
<createdBy>Tykiera</createdBy>
<createdTime>2017-04-22 16:50:21 UTC</createdTime>
<generatorID>621389F9-C496-C7E4-5D6F-D76933DDD281</generatorID>
<ownerDesignName>BarberShop2</ownerDesignName>
<abbreviation>emp</abbreviation>
<allowColumnReorder>false</allowColumnReorder>
<existDependencyGenerateInDDl>true</existDependencyGenerateInDDl>
<parsed>true</parsed>
<columns itemClass="oracle.dbtools.crest.model.design.relational.Column">
<Column name="emp_fname" id="D4BDBB7C-4700-D192-D832-0B554C340D93">
<createdBy>Tykiera</createdBy>
<createdTime>2017-04-22 16:50:21 UTC</createdTime>
<generatorID>FF21F529-140F-4080-0BE3-9AF9F5D98763</generatorID>
<ownerDesignName>BarberShop2</ownerDesignName>
<use>0</use>
<logicalDatatype>LOGDT024</logicalDatatype>
<domain>7AD61411-F1C5-D817-EF26-5E7A48C0B9B9</domain>
<ownDataTypeParameters>,,</ownDataTypeParameters>
<autoIncrementCycle>false</autoIncrementCycle>
</Column>
<Column name="emp_lname" id="9329B183-95B7-3ADF-817B-E5AB6F34C34B">
<createdBy>Tykiera</createdBy>
<createdTime>2017-04-22 16:50:21 UTC</createdTime>
<generatorID>E83E4D33-107F-8873-9AEF-5DBFB37F7FD7</generatorID>
<ownerDesignName>BarberShop2</ownerDesignName>
<use>0</use>
<logicalDatatype>LOGDT024</logicalDatatype>
<domain>7AD61411-F1C5-D817-EF26-5E7A48C0B9B9</domain>
<ownDataTypeParameters>,,</ownDataTypeParameters>
<autoIncrementCycle>false</autoIncrementCycle>
</Column>
<Column name="emp_phone" id="F6CC94CF-03D7-A8CC-0BF6-26010D52D344">
<createdBy>Tykiera</createdBy>
<createdTime>2017-04-22 16:50:21 UTC</createdTime>
<generatorID>A9AC8DD3-3774-6FE8-55AE-D7FB9271C8B7</generatorID>
<ownerDesignName>BarberShop2</ownerDesignName>
<use>0</use>
<logicalDatatype>LOGDT024</logicalDatatype>
<domain>A89D6FC5-23A1-6169-F560-CF11A8CA6223</domain>
<ownDataTypeParameters>,,</ownDataTypeParameters>
<autoIncrementCycle>false</autoIncrementCycle>
</Column>
<Column name="emp_ID" id="745520C3-A7C7-4A6F-A241-A864CFB00760">
<createdBy>Tykiera</createdBy>
<createdTime>2017-04-22 16:50:21 UTC</createdTime>
<generatorID>DD35A1EF-F2EC-A484-C6D3-FC73B4C56A42</generatorID>
<ownerDesignName>BarberShop2</ownerDesignName>
<use>0</use>
<logicalDatatype>LOGDT019</logicalDatatype>
<domain>3B80FA74-F0DD-EC49-C243-937A3D91BCB9</domain>
<ownDataTypeParameters>,,</ownDataTypeParameters>
<autoIncrementCycle>false</autoIncrementCycle>
</Column>
</columns>
<indexes itemClass="oracle.dbtools.crest.model.design.relational.Index">
<ind_PK_UK id="3080E326-63C2-4CA1-0BD8-7F748591E735" name="Employees_PK">
<createdBy>Tykiera</createdBy>
<createdTime>2017-04-22 16:50:21 UTC</createdTime>
<generatorID>9FCA505F-9CAE-6D1E-2CD9-7FBB0D05FB22</generatorID>
<ownerDesignName>BarberShop2</ownerDesignName>
<pk>true</pk>
<indexState>Primary Constraint</indexState>
<isSurrogateKey>false</isSurrogateKey>
<indexColumnUsage>
<colUsage columnID="745520C3-A7C7-4A6F-A241-A864CFB00760"/>
</indexColumnUsage>
</ind_PK_UK>
</indexes>
</Table>