<?xml version = '1.0' encoding = 'UTF-8'?>
<Entity class="oracle.dbtools.crest.model.design.logical.Entity" directorySegmentName="seg_0" id="2ABC2A21-184A-1F2B-8339-C742C27AB824" name="Customers">
<createdBy>Tykiera</createdBy>
<createdTime>2017-04-22 01:43:56 UTC</createdTime>
<ownerDesignName>BarberShop2</ownerDesignName>
<engineerTo>
<item key="4205CD52-22C5-BF54-AD2B-266B586927D5" value="true"/>
</engineerTo>
<adequatelyNormalized>NO</adequatelyNormalized>
<expectedVolumes>0</expectedVolumes>
<fwdEngineeringStrategyName>Single Table</fwdEngineeringStrategyName>
<growthPercent>0</growthPercent>
<growthType>Year</growthType>
<maxVolumes>9999999</maxVolumes>
<minVolumes>0</minVolumes>
<normalForm>Third</normalForm>
<shortName>cust</shortName>
<attributes itemClass="oracle.dbtools.crest.model.design.logical.Attribute">
<Attribute name="cust_fname" id="649A0D97-1ACE-8943-1A85-72F899C35231">
<createdBy>Tykiera</createdBy>
<createdTime>2017-04-22 01:55:42 UTC</createdTime>
<ownerDesignName>BarberShop2</ownerDesignName>
<engineerTo>
<item key="4205CD52-22C5-BF54-AD2B-266B586927D5" value="true"/>
</engineerTo>
<use>0</use>
<logicalDatatype>LOGDT024</logicalDatatype>
<domain>7AD61411-F1C5-D817-EF26-5E7A48C0B9B9</domain>
<ownDataTypeParameters>,,</ownDataTypeParameters>
</Attribute>
<Attribute name="cust_lname" id="F1B4D580-4AD4-1F9C-6A47-6E828253C1C7">
<createdBy>Tykiera</createdBy>
<createdTime>2017-04-22 01:56:05 UTC</createdTime>
<ownerDesignName>BarberShop2</ownerDesignName>
<engineerTo>
<item key="4205CD52-22C5-BF54-AD2B-266B586927D5" value="true"/>
</engineerTo>
<use>0</use>
<logicalDatatype>LOGDT024</logicalDatatype>
<domain>7AD61411-F1C5-D817-EF26-5E7A48C0B9B9</domain>
<ownDataTypeParameters>,,</ownDataTypeParameters>
</Attribute>
<Attribute name="cust_phone" id="BEC5F904-5977-546B-F8D8-ED113C401DF7">
<createdBy>Tykiera</createdBy>
<createdTime>2017-04-22 01:57:45 UTC</createdTime>
<ownerDesignName>BarberShop2</ownerDesignName>
<engineerTo>
<item key="4205CD52-22C5-BF54-AD2B-266B586927D5" value="true"/>
</engineerTo>
<use>0</use>
<logicalDatatype>LOGDT024</logicalDatatype>
<domain>A89D6FC5-23A1-6169-F560-CF11A8CA6223</domain>
<ownDataTypeParameters>,,</ownDataTypeParameters>
</Attribute>
<Attribute name="cust_ID" id="22D2D790-1DD4-6EE5-8828-6A9BA31133A2">
<createdBy>Tykiera</createdBy>
<createdTime>2017-04-22 01:57:28 UTC</createdTime>
<ownerDesignName>BarberShop2</ownerDesignName>
<engineerTo>
<item key="4205CD52-22C5-BF54-AD2B-266B586927D5" value="true"/>
</engineerTo>
<use>0</use>
<logicalDatatype>LOGDT019</logicalDatatype>
<domain>3B80FA74-F0DD-EC49-C243-937A3D91BCB9</domain>
<ownDataTypeParameters>,,</ownDataTypeParameters>
</Attribute>
</attributes>
<identifiers itemClass="oracle.dbtools.crest.model.design.logical.CandidateKey">
<identifier id="159CE644-4BCC-1E20-6CBB-3403923EE833" name="Customers PK">
<createdBy>Tykiera</createdBy>
<createdTime>2017-04-22 01:58:13 UTC</createdTime>
<ownerDesignName>BarberShop2</ownerDesignName>
<shouldEngineer>false</shouldEngineer>
<engineerTo>
<item key="4205CD52-22C5-BF54-AD2B-266B586927D5" value="false"/>
</engineerTo>
<pk>true</pk>
<usedAttributes>
<attributeRef>22D2D790-1DD4-6EE5-8828-6A9BA31133A2</attributeRef>
</usedAttributes>
</identifier>
</identifiers>
</Entity>