<?xml version = '1.0' encoding = 'UTF-8'?>
<Entity class="oracle.dbtools.crest.model.design.logical.Entity" directorySegmentName="seg_0" id="520E3699-2C31-8156-53C6-C2D8971AD744" name="Services">
<createdBy>Tykiera</createdBy>
<createdTime>2017-04-22 01:45:49 UTC</createdTime>
<ownerDesignName>BarberShop2</ownerDesignName>
<engineerTo>
<item key="4205CD52-22C5-BF54-AD2B-266B586927D5" value="true"/>
</engineerTo>
<adequatelyNormalized>NO</adequatelyNormalized>
<expectedVolumes>0</expectedVolumes>
<fwdEngineeringStrategyName>Single Table</fwdEngineeringStrategyName>
<growthPercent>0</growthPercent>
<growthType>Year</growthType>
<maxVolumes>9999999</maxVolumes>
<minVolumes>0</minVolumes>
<normalForm>Third</normalForm>
<attributes itemClass="oracle.dbtools.crest.model.design.logical.Attribute">
<Attribute name="serv_price" id="5191E5F4-DCF6-5A0E-00EC-9074FAC914FF">
<createdBy>Tykiera</createdBy>
<createdTime>2017-04-22 02:04:34 UTC</createdTime>
<ownerDesignName>BarberShop2</ownerDesignName>
<engineerTo>
<item key="4205CD52-22C5-BF54-AD2B-266B586927D5" value="true"/>
</engineerTo>
<nullsAllowed>true</nullsAllowed>
<use>0</use>
<logicalDatatype>LOGDT019</logicalDatatype>
<domain>0CFD0345-F560-5DBC-A9CF-A2622251FC31</domain>
<ownDataTypeParameters>,,</ownDataTypeParameters>
</Attribute>
<Attribute name="serv_name" id="51AC0D61-A107-E9F3-02C8-D561929B0C90">
<createdBy>Tykiera</createdBy>
<createdTime>2017-04-22 02:04:34 UTC</createdTime>
<ownerDesignName>BarberShop2</ownerDesignName>
<engineerTo>
<item key="4205CD52-22C5-BF54-AD2B-266B586927D5" value="true"/>
</engineerTo>
<nullsAllowed>true</nullsAllowed>
<use>0</use>
<logicalDatatype>LOGDT024</logicalDatatype>
<domain>7AD61411-F1C5-D817-EF26-5E7A48C0B9B9</domain>
<ownDataTypeParameters>,,</ownDataTypeParameters>
</Attribute>
<Attribute name="serv_ID" id="065321FE-CA97-83D2-9E61-ECE9AB73CAD2">
<createdBy>Tykiera</createdBy>
<createdTime>2017-04-22 02:04:43 UTC</createdTime>
<ownerDesignName>BarberShop2</ownerDesignName>
<engineerTo>
<item key="4205CD52-22C5-BF54-AD2B-266B586927D5" value="true"/>
</engineerTo>
<use>0</use>
<logicalDatatype>LOGDT019</logicalDatatype>
<domain>3B80FA74-F0DD-EC49-C243-937A3D91BCB9</domain>
<ownDataTypeParameters>,,</ownDataTypeParameters>
</Attribute>
<Attribute name="emp_ID" id="DA5C47FC-9C65-2C13-9A30-7A51A2EB84F3">
<createdBy>Tykiera</createdBy>
<createdTime>2017-04-22 16:59:53 UTC</createdTime>
<generatorID>4DE9C0A5-F5B1-265C-37A6-FBFE4DE1D673</generatorID>
<ownerDesignName>BarberShop2</ownerDesignName>
<engineerTo>
<item key="4205CD52-22C5-BF54-AD2B-266B586927D5" value="true"/>
</engineerTo>
<referedAttribute>DD35A1EF-F2EC-A484-C6D3-FC73B4C56A42</referedAttribute>
<use>0</use>
<logicalDatatype>LOGDT019</logicalDatatype>
<domain>3B80FA74-F0DD-EC49-C243-937A3D91BCB9</domain>
<ownDataTypeParameters>,,</ownDataTypeParameters>
</Attribute>
<Attribute name="cust_ID" id="6157D2FE-52D5-46AF-F088-44DC25027F61">
<createdBy>Tykiera</createdBy>
<createdTime>2017-04-22 17:02:08 UTC</createdTime>
<generatorID>1941055E-86E8-1535-138C-823B6B64D5A3</generatorID>
<ownerDesignName>BarberShop2</ownerDesignName>
<engineerTo>
<item key="4205CD52-22C5-BF54-AD2B-266B586927D5" value="true"/>
</engineerTo>
<referedAttribute>22D2D790-1DD4-6EE5-8828-6A9BA31133A2</referedAttribute>
<use>0</use>
<logicalDatatype>LOGDT019</logicalDatatype>
<domain>3B80FA74-F0DD-EC49-C243-937A3D91BCB9</domain>
<ownDataTypeParameters>,,</ownDataTypeParameters>
</Attribute>
</attributes>
<identifiers itemClass="oracle.dbtools.crest.model.design.logical.CandidateKey">
<identifier id="BB2D4388-3BB2-5B98-A236-A812D13F6313" name="Services PK">
<createdBy>Tykiera</createdBy>
<createdTime>2017-04-22 02:04:45 UTC</createdTime>
<ownerDesignName>BarberShop2</ownerDesignName>
<shouldEngineer>false</shouldEngineer>
<engineerTo>
<item key="4205CD52-22C5-BF54-AD2B-266B586927D5" value="false"/>
</engineerTo>
<pk>true</pk>
<usedAttributes>
<attributeRef>065321FE-CA97-83D2-9E61-ECE9AB73CAD2</attributeRef>
</usedAttributes>
</identifier>
</identifiers>
</Entity>