<?xml version = '1.0' encoding = 'UTF-8'?>
<Entity class="oracle.dbtools.crest.model.design.logical.Entity" directorySegmentName="seg_0" id="621389F9-C496-C7E4-5D6F-D76933DDD281" name="Employees">
<createdBy>Tykiera</createdBy>
<createdTime>2017-04-22 01:44:20 UTC</createdTime>
<ownerDesignName>BarberShop2</ownerDesignName>
<engineerTo>
<item key="4205CD52-22C5-BF54-AD2B-266B586927D5" value="true"/>
</engineerTo>
<adequatelyNormalized>NO</adequatelyNormalized>
<expectedVolumes>0</expectedVolumes>
<fwdEngineeringStrategyName>Single Table</fwdEngineeringStrategyName>
<growthPercent>0</growthPercent>
<growthType>Year</growthType>
<maxVolumes>9999999</maxVolumes>
<minVolumes>0</minVolumes>
<normalForm>Third</normalForm>
<shortName>emp</shortName>
<attributes itemClass="oracle.dbtools.crest.model.design.logical.Attribute">
<Attribute name="emp_fname" id="FF21F529-140F-4080-0BE3-9AF9F5D98763">
<createdBy>Tykiera</createdBy>
<createdTime>2017-04-22 04:43:27 UTC</createdTime>
<ownerDesignName>BarberShop2</ownerDesignName>
<engineerTo>
<item key="4205CD52-22C5-BF54-AD2B-266B586927D5" value="true"/>
</engineerTo>
<use>0</use>
<logicalDatatype>LOGDT024</logicalDatatype>
<domain>7AD61411-F1C5-D817-EF26-5E7A48C0B9B9</domain>
<ownDataTypeParameters>,,</ownDataTypeParameters>
</Attribute>
<Attribute name="emp_lname" id="E83E4D33-107F-8873-9AEF-5DBFB37F7FD7">
<createdBy>Tykiera</createdBy>
<createdTime>2017-04-22 04:43:27 UTC</createdTime>
<ownerDesignName>BarberShop2</ownerDesignName>
<engineerTo>
<item key="4205CD52-22C5-BF54-AD2B-266B586927D5" value="true"/>
</engineerTo>
<use>0</use>
<logicalDatatype>LOGDT024</logicalDatatype>
<domain>7AD61411-F1C5-D817-EF26-5E7A48C0B9B9</domain>
<ownDataTypeParameters>,,</ownDataTypeParameters>
</Attribute>
<Attribute name="emp_phone" id="A9AC8DD3-3774-6FE8-55AE-D7FB9271C8B7">
<createdBy>Tykiera</createdBy>
<createdTime>2017-04-22 04:43:29 UTC</createdTime>
<ownerDesignName>BarberShop2</ownerDesignName>
<engineerTo>
<item key="4205CD52-22C5-BF54-AD2B-266B586927D5" value="true"/>
</engineerTo>
<use>0</use>
<logicalDatatype>LOGDT024</logicalDatatype>
<domain>A89D6FC5-23A1-6169-F560-CF11A8CA6223</domain>
<ownDataTypeParameters>,,</ownDataTypeParameters>
</Attribute>
<Attribute name="emp_ID" id="DD35A1EF-F2EC-A484-C6D3-FC73B4C56A42">
<createdBy>Tykiera</createdBy>
<createdTime>2017-04-22 04:44:59 UTC</createdTime>
<ownerDesignName>BarberShop2</ownerDesignName>
<engineerTo>
<item key="4205CD52-22C5-BF54-AD2B-266B586927D5" value="true"/>
</engineerTo>
<use>0</use>
<logicalDatatype>LOGDT019</logicalDatatype>
<domain>3B80FA74-F0DD-EC49-C243-937A3D91BCB9</domain>
<ownDataTypeParameters>,,</ownDataTypeParameters>
</Attribute>
</attributes>
<identifiers itemClass="oracle.dbtools.crest.model.design.logical.CandidateKey">
<identifier id="9FCA505F-9CAE-6D1E-2CD9-7FBB0D05FB22" name="Employees PK">
<createdBy>Tykiera</createdBy>
<createdTime>2017-04-22 04:47:26 UTC</createdTime>
<ownerDesignName>BarberShop2</ownerDesignName>
<shouldEngineer>false</shouldEngineer>
<engineerTo>
<item key="4205CD52-22C5-BF54-AD2B-266B586927D5" value="false"/>
</engineerTo>
<pk>true</pk>
<usedAttributes>
<attributeRef>DD35A1EF-F2EC-A484-C6D3-FC73B4C56A42</attributeRef>
</usedAttributes>
</identifier>
</identifiers>
</Entity>