<?xml version = '1.0' encoding = 'UTF-8'?>
<Entity class="oracle.dbtools.crest.model.design.logical.Entity" directorySegmentName="seg_0" id="E0B54DED-095B-EEF6-1C55-8CAFC3749B74" name="Appointments">
<createdBy>Tykiera</createdBy>
<createdTime>2017-04-22 01:46:11 UTC</createdTime>
<ownerDesignName>BarberShop2</ownerDesignName>
<engineerTo>
<item key="4205CD52-22C5-BF54-AD2B-266B586927D5" value="true"/>
</engineerTo>
<adequatelyNormalized>NO</adequatelyNormalized>
<expectedVolumes>0</expectedVolumes>
<fwdEngineeringStrategyName>Single Table</fwdEngineeringStrategyName>
<growthPercent>0</growthPercent>
<growthType>Year</growthType>
<maxVolumes>9999999</maxVolumes>
<minVolumes>0</minVolumes>
<normalForm>Third</normalForm>
<shortName>appt</shortName>
<attributes itemClass="oracle.dbtools.crest.model.design.logical.Attribute">
<Attribute name="appt_ID" id="58EA4ECF-E716-FECF-7139-112912F84C7B">
<createdBy>Tykiera</createdBy>
<createdTime>2017-04-22 04:48:08 UTC</createdTime>
<ownerDesignName>BarberShop2</ownerDesignName>
<engineerTo>
<item key="4205CD52-22C5-BF54-AD2B-266B586927D5" value="true"/>
</engineerTo>
<use>0</use>
<logicalDatatype>LOGDT019</logicalDatatype>
<domain>3B80FA74-F0DD-EC49-C243-937A3D91BCB9</domain>
<ownDataTypeParameters>,,</ownDataTypeParameters>
</Attribute>
<Attribute name="serv_ID" id="C106402E-3C84-F64C-D255-E3F77657797E">
<createdBy>Tykiera</createdBy>
<createdTime>2017-04-22 16:56:14 UTC</createdTime>
<generatorID>CDD53BCD-9843-7CBE-774C-E51289A44911</generatorID>
<ownerDesignName>BarberShop2</ownerDesignName>
<engineerTo>
<item key="4205CD52-22C5-BF54-AD2B-266B586927D5" value="true"/>
</engineerTo>
<referedAttribute>065321FE-CA97-83D2-9E61-ECE9AB73CAD2</referedAttribute>
<use>0</use>
<logicalDatatype>LOGDT019</logicalDatatype>
<domain>3B80FA74-F0DD-EC49-C243-937A3D91BCB9</domain>
<ownDataTypeParameters>,,</ownDataTypeParameters>
</Attribute>
<Attribute name="cust_ID" id="DBB1C124-1EB3-D655-F1E9-4F6227877FFC">
<createdBy>Tykiera</createdBy>
<createdTime>2017-04-22 16:56:33 UTC</createdTime>
<generatorID>079B4909-3CA4-ED38-1D62-21761D215AC2</generatorID>
<ownerDesignName>BarberShop2</ownerDesignName>
<engineerTo>
<item key="4205CD52-22C5-BF54-AD2B-266B586927D5" value="true"/>
</engineerTo>
<referedAttribute>22D2D790-1DD4-6EE5-8828-6A9BA31133A2</referedAttribute>
<use>0</use>
<logicalDatatype>LOGDT019</logicalDatatype>
<domain>3B80FA74-F0DD-EC49-C243-937A3D91BCB9</domain>
<ownDataTypeParameters>,,</ownDataTypeParameters>
</Attribute>
<Attribute name="emp_ID" id="A3C63E81-9643-8C90-0E86-2AC962D9B6C8">
<createdBy>Tykiera</createdBy>
<createdTime>2017-04-22 16:57:14 UTC</createdTime>
<generatorID>1A06CFAD-256A-04FC-06B9-19960F9C7F67</generatorID>
<ownerDesignName>BarberShop2</ownerDesignName>
<engineerTo>
<item key="4205CD52-22C5-BF54-AD2B-266B586927D5" value="true"/>
</engineerTo>
<referedAttribute>DD35A1EF-F2EC-A484-C6D3-FC73B4C56A42</referedAttribute>
<use>0</use>
<logicalDatatype>LOGDT019</logicalDatatype>
<domain>3B80FA74-F0DD-EC49-C243-937A3D91BCB9</domain>
<ownDataTypeParameters>,,</ownDataTypeParameters>
</Attribute>
</attributes>
<identifiers itemClass="oracle.dbtools.crest.model.design.logical.CandidateKey">
<identifier id="E249094B-5656-6283-3402-7FFD8321A04B" name="Appointments PK">
<createdBy>Tykiera</createdBy>
<createdTime>2017-04-22 04:48:24 UTC</createdTime>
<ownerDesignName>BarberShop2</ownerDesignName>
<shouldEngineer>false</shouldEngineer>
<engineerTo>
<item key="4205CD52-22C5-BF54-AD2B-266B586927D5" value="false"/>
</engineerTo>
<pk>true</pk>
<usedAttributes>
<attributeRef>58EA4ECF-E716-FECF-7139-112912F84C7B</attributeRef>
</usedAttributes>
</identifier>
</identifiers>
</Entity>