<?xml version = '1.0' encoding = 'UTF-8'?>
<FKIndexAssociation class="oracle.dbtools.crest.model.design.relational.FKIndexAssociation" directorySegmentName="seg_0" id="25006268-6198-4492-D44B-985A7FD9D8B8" containerWithKeyObject="2E44B555-7E28-720E-1B81-46887B8B3A01" localFKIndex="EE7A0782-7A97-BA08-4AEE-909CE33F424F" name="Services_Customers_FK">
<createdBy>Tykiera</createdBy>
<createdTime>2017-04-22 17:03:20 UTC</createdTime>
<generatorID>1941055E-86E8-1535-138C-823B6B64D5A3</generatorID>
<ownerDesignName>BarberShop2</ownerDesignName>
<deleteRule>NO ACTION</deleteRule>
<referredTableID>46C574B6-7E92-B782-1259-A1D969E29481</referredTableID>
<keyObject>4A3E5441-F3F6-B22C-F5FF-E36724E22B03</keyObject>
<referredKeyID>4A3E5441-F3F6-B22C-F5FF-E36724E22B03</referredKeyID>
<mandatory>true</mandatory>
<transferable>true</transferable>
<rely>false</rely>
<columnDependencyConstraintGenerateInDDL>true</columnDependencyConstraintGenerateInDDL>
</FKIndexAssociation>