<?xml version = '1.0' encoding = 'UTF-8'?>
<FKIndexAssociation class="oracle.dbtools.crest.model.design.relational.FKIndexAssociation" directorySegmentName="seg_0" id="33E83477-6858-FF7E-9D96-05D471228EC5" containerWithKeyObject="9DF8D493-5695-533D-2D66-F1C44B6F7CA0" localFKIndex="EADD74B0-864C-83C6-946E-76F15DCE5CDF" name="Appointments_Services_FK">
<createdBy>Tykiera</createdBy>
<createdTime>2017-04-22 16:50:21 UTC</createdTime>
<generatorID>E5E439BA-B674-9882-5EE4-EA2862BFD808</generatorID>
<ownerDesignName>BarberShop2</ownerDesignName>
<deleteRule>NO ACTION</deleteRule>
<referredTableID>2E44B555-7E28-720E-1B81-46887B8B3A01</referredTableID>
<keyObject>F05300C2-1ADE-1FA3-E822-BDE9836B4FD8</keyObject>
<referredKeyID>F05300C2-1ADE-1FA3-E822-BDE9836B4FD8</referredKeyID>
<mandatory>true</mandatory>
<transferable>true</transferable>
<rely>false</rely>
<columnDependencyConstraintGenerateInDDL>true</columnDependencyConstraintGenerateInDDL>
</FKIndexAssociation>