<?xml version = '1.0' encoding = 'UTF-8'?>
<FKIndexAssociation class="oracle.dbtools.crest.model.design.relational.FKIndexAssociation" directorySegmentName="seg_0" id="3922ECA9-94F1-5235-3A03-7F96E7A14C60" containerWithKeyObject="9DF8D493-5695-533D-2D66-F1C44B6F7CA0" localFKIndex="4495B0B1-C514-B598-070F-4C9D4E89C11D" name="Appointments_Services_FKv1">
<createdBy>Tykiera</createdBy>
<createdTime>2017-04-22 17:03:20 UTC</createdTime>
<generatorID>CDD53BCD-9843-7CBE-774C-E51289A44911</generatorID>
<ownerDesignName>BarberShop2</ownerDesignName>
<deleteRule>NO ACTION</deleteRule>
<referredTableID>2E44B555-7E28-720E-1B81-46887B8B3A01</referredTableID>
<keyObject>F05300C2-1ADE-1FA3-E822-BDE9836B4FD8</keyObject>
<referredKeyID>F05300C2-1ADE-1FA3-E822-BDE9836B4FD8</referredKeyID>
<mandatory>true</mandatory>
<transferable>true</transferable>
<rely>false</rely>
<columnDependencyConstraintGenerateInDDL>true</columnDependencyConstraintGenerateInDDL>
</FKIndexAssociation>