<?xml version = '1.0' encoding = 'UTF-8'?>
<FKIndexAssociation class="oracle.dbtools.crest.model.design.relational.FKIndexAssociation" directorySegmentName="seg_0" id="4875D3C0-1987-8591-3628-EE943317A6E5" containerWithKeyObject="9DF8D493-5695-533D-2D66-F1C44B6F7CA0" localFKIndex="4A6C33AB-5049-DD3C-2D0C-4CFB520DCB35" name="Appointments_Employees_FK">
<createdBy>Tykiera</createdBy>
<createdTime>2017-04-22 16:50:21 UTC</createdTime>
<generatorID>165E0359-6540-2318-420D-1EDE26942B7A</generatorID>
<ownerDesignName>BarberShop2</ownerDesignName>
<deleteRule>NO ACTION</deleteRule>
<referredTableID>FA0C73E2-AF89-98E3-278B-D5354CDB97E6</referredTableID>
<keyObject>3080E326-63C2-4CA1-0BD8-7F748591E735</keyObject>
<referredKeyID>3080E326-63C2-4CA1-0BD8-7F748591E735</referredKeyID>
<mandatory>true</mandatory>
<transferable>true</transferable>
<rely>false</rely>
<columnDependencyConstraintGenerateInDDL>true</columnDependencyConstraintGenerateInDDL>
</FKIndexAssociation>