<?xml version = '1.0' encoding = 'UTF-8'?>
<FKIndexAssociation class="oracle.dbtools.crest.model.design.relational.FKIndexAssociation" directorySegmentName="seg_0" id="55C0E266-5D77-1795-2BEB-005BA6BB512A" containerWithKeyObject="2E44B555-7E28-720E-1B81-46887B8B3A01" localFKIndex="4F5B7B26-D36A-F2A5-0E12-4E10BDDC541E" name="Services_Employees_FKv1">
<createdBy>Tykiera</createdBy>
<createdTime>2017-04-22 17:03:20 UTC</createdTime>
<generatorID>4DE9C0A5-F5B1-265C-37A6-FBFE4DE1D673</generatorID>
<ownerDesignName>BarberShop2</ownerDesignName>
<deleteRule>NO ACTION</deleteRule>
<referredTableID>FA0C73E2-AF89-98E3-278B-D5354CDB97E6</referredTableID>
<keyObject>3080E326-63C2-4CA1-0BD8-7F748591E735</keyObject>
<referredKeyID>3080E326-63C2-4CA1-0BD8-7F748591E735</referredKeyID>
<mandatory>true</mandatory>
<transferable>true</transferable>
<rely>false</rely>
<columnDependencyConstraintGenerateInDDL>true</columnDependencyConstraintGenerateInDDL>
</FKIndexAssociation>