<?xml version = '1.0' encoding = 'UTF-8'?>
<FKIndexAssociation class="oracle.dbtools.crest.model.design.relational.FKIndexAssociation" directorySegmentName="seg_0" id="8A76E786-0AAB-2A60-E3D6-A7EFB5B819C0" containerWithKeyObject="9DF8D493-5695-533D-2D66-F1C44B6F7CA0" localFKIndex="76CB4590-BF25-AB27-51FE-707F1C5DCC76" name="Appointments_Customers_FKv1">
<createdBy>Tykiera</createdBy>
<createdTime>2017-04-22 17:03:20 UTC</createdTime>
<generatorID>079B4909-3CA4-ED38-1D62-21761D215AC2</generatorID>
<ownerDesignName>BarberShop2</ownerDesignName>
<deleteRule>NO ACTION</deleteRule>
<referredTableID>46C574B6-7E92-B782-1259-A1D969E29481</referredTableID>
<keyObject>4A3E5441-F3F6-B22C-F5FF-E36724E22B03</keyObject>
<referredKeyID>4A3E5441-F3F6-B22C-F5FF-E36724E22B03</referredKeyID>
<mandatory>true</mandatory>
<transferable>true</transferable>
<rely>false</rely>
<columnDependencyConstraintGenerateInDDL>true</columnDependencyConstraintGenerateInDDL>
</FKIndexAssociation>