<?xml version = '1.0' encoding = 'UTF-8'?>
<Diagram class="oracle.dbtools.crest.swingui.relational.DPVRelational" name="Relational_1" id="DB46E830-C732-CE62-FA7C-EADB35D05E22">
<createdBy>Tykiera</createdBy>
<modifiedBy>Tykiera</modifiedBy>
<createdTime>2017-04-22 16:47:06 UTC</createdTime>
<autoRoute>false</autoRoute>
<boxInbox>true</boxInbox>
<showLegend>false</showLegend>
<showLabels>false</showLabels>
<showRelAttributes>false</showRelAttributes>
<gridEnabled>false</gridEnabled>
<showGrid>false</showGrid>
<diagramColor>-1</diagramColor>
<display>false</display>
<notation>1</notation>
<objectViews>
<OView class="oracle.dbtools.crest.swingui.relational.TVTable" oid="2E44B555-7E28-720E-1B81-46887B8B3A01" otype="Table" vid="E2EB571F-A148-12D2-8820-49ECD49C3DB9">
<hideElementsInCurrentOnly>false</hideElementsInCurrentOnly>
<bounds x="245" y="114" width="252" height="146"/>
</OView>
<OView class="oracle.dbtools.crest.swingui.relational.TVTable" oid="46C574B6-7E92-B782-1259-A1D969E29481" otype="Table" vid="5390A6B4-1945-4C9E-C1F3-A4A709C4E33B">
<hideElementsInCurrentOnly>false</hideElementsInCurrentOnly>
<bounds x="290" y="390" width="251" height="165"/>
</OView>
<OView class="oracle.dbtools.crest.swingui.relational.TVTable" oid="9DF8D493-5695-533D-2D66-F1C44B6F7CA0" otype="Table" vid="1C5835A3-D9A0-ABC9-EC34-A2E4F07EFC0B">
<hideElementsInCurrentOnly>false</hideElementsInCurrentOnly>
<bounds x="763" y="380" width="247" height="163"/>
</OView>
<OView class="oracle.dbtools.crest.swingui.relational.TVTable" oid="FA0C73E2-AF89-98E3-278B-D5354CDB97E6" otype="Table" vid="3CAA8F09-B66E-3D73-A3FD-17E6B557A767">
<hideElementsInCurrentOnly>false</hideElementsInCurrentOnly>
<bounds x="770" y="98" width="258" height="149"/>
</OView>
</objectViews>
<connectors>
<Connector class="oracle.dbtools.crest.swingui.relational.TVFKRelation" oid="25006268-6198-4492-D44B-985A7FD9D8B8" otype="FKIndexAssociation" vid_source="5390A6B4-1945-4C9E-C1F3-A4A709C4E33B" vid_target="E2EB571F-A148-12D2-8820-49ECD49C3DB9">
<hideElementsInCurrentOnly>false</hideElementsInCurrentOnly>
<lineWidth>1</lineWidth>
<points>
<point x="393" y="390"/>
<point x="393" y="260"/>
</points>
</Connector>
<Connector class="oracle.dbtools.crest.swingui.relational.TVFKRelation" oid="33E83477-6858-FF7E-9D96-05D471228EC5" otype="FKIndexAssociation" vid_source="E2EB571F-A148-12D2-8820-49ECD49C3DB9" vid_target="1C5835A3-D9A0-ABC9-EC34-A2E4F07EFC0B">
<hideElementsInCurrentOnly>false</hideElementsInCurrentOnly>
<lineWidth>1</lineWidth>
<points>
<point x="497" y="187"/>
<point x="763" y="439"/>
</points>
</Connector>
<Connector class="oracle.dbtools.crest.swingui.relational.TVFKRelation" oid="3922ECA9-94F1-5235-3A03-7F96E7A14C60" otype="FKIndexAssociation" vid_source="E2EB571F-A148-12D2-8820-49ECD49C3DB9" vid_target="1C5835A3-D9A0-ABC9-EC34-A2E4F07EFC0B">
<hideElementsInCurrentOnly>false</hideElementsInCurrentOnly>
<lineWidth>1</lineWidth>
<points>
<point x="497" y="187"/>
<point x="763" y="439"/>
</points>
</Connector>
<Connector class="oracle.dbtools.crest.swingui.relational.TVFKRelation" oid="4875D3C0-1987-8591-3628-EE943317A6E5" otype="FKIndexAssociation" vid_source="3CAA8F09-B66E-3D73-A3FD-17E6B557A767" vid_target="1C5835A3-D9A0-ABC9-EC34-A2E4F07EFC0B">
<hideElementsInCurrentOnly>false</hideElementsInCurrentOnly>
<lineWidth>1</lineWidth>
<points>
<point x="890" y="247"/>
<point x="890" y="380"/>
</points>
</Connector>
<Connector class="oracle.dbtools.crest.swingui.relational.TVFKRelation" oid="55C0E266-5D77-1795-2BEB-005BA6BB512A" otype="FKIndexAssociation" vid_source="3CAA8F09-B66E-3D73-A3FD-17E6B557A767" vid_target="E2EB571F-A148-12D2-8820-49ECD49C3DB9">
<hideElementsInCurrentOnly>false</hideElementsInCurrentOnly>
<lineWidth>1</lineWidth>
<points>
<point x="770" y="170"/>
<point x="497" y="167"/>
</points>
</Connector>
<Connector class="oracle.dbtools.crest.swingui.relational.TVFKRelation" oid="8A76E786-0AAB-2A60-E3D6-A7EFB5B819C0" otype="FKIndexAssociation" vid_source="5390A6B4-1945-4C9E-C1F3-A4A709C4E33B" vid_target="1C5835A3-D9A0-ABC9-EC34-A2E4F07EFC0B">
<hideElementsInCurrentOnly>false</hideElementsInCurrentOnly>
<lineWidth>1</lineWidth>
<points>
<point x="541" y="455"/>
<point x="763" y="455"/>
</points>
</Connector>
</connectors>
</Diagram>