<?xml version = '1.0' encoding = 'UTF-8'?>
<Diagram class="oracle.dbtools.crest.swingui.logical.DPVLogical" name="Logical" id="8F5E08F0-1DDE-6BAC-F6F6-F5E44C87FE6C">
<createdBy>Tykiera</createdBy>
<modifiedBy>Tykiera</modifiedBy>
<createdTime>2017-04-22 01:43:56 UTC</createdTime>
<autoRoute>false</autoRoute>
<boxInbox>true</boxInbox>
<showLegend>false</showLegend>
<showLabels>false</showLabels>
<showRelAttributes>false</showRelAttributes>
<gridEnabled>false</gridEnabled>
<showGrid>false</showGrid>
<diagramColor>-1</diagramColor>
<display>false</display>
<notation>1</notation>
<objectViews>
<OView class="oracle.dbtools.crest.swingui.logical.TVEntity" oid="2ABC2A21-184A-1F2B-8339-C742C27AB824" otype="Entity" vid="BAEC19F1-206C-E016-CA9C-C2A189415898">
<hideElementsInCurrentOnly>false</hideElementsInCurrentOnly>
<bounds x="383" y="428" width="251" height="165"/>
</OView>
<OView class="oracle.dbtools.crest.swingui.logical.TVEntity" oid="520E3699-2C31-8156-53C6-C2D8971AD744" otype="Entity" vid="2EF3DFDB-6D1C-B918-BD83-0265AAD5B2AB">
<hideElementsInCurrentOnly>false</hideElementsInCurrentOnly>
<bounds x="386" y="162" width="252" height="146"/>
</OView>
<OView class="oracle.dbtools.crest.swingui.logical.TVEntity" oid="621389F9-C496-C7E4-5D6F-D76933DDD281" otype="Entity" vid="2D4DEED1-3FC9-0AB6-D785-282171C2ACA7">
<hideElementsInCurrentOnly>false</hideElementsInCurrentOnly>
<bounds x="892" y="163" width="258" height="149"/>
</OView>
<OView class="oracle.dbtools.crest.swingui.logical.TVEntity" oid="E0B54DED-095B-EEF6-1C55-8CAFC3749B74" otype="Entity" vid="63D337AC-1752-183C-919B-BBBE058BCD00">
<hideElementsInCurrentOnly>false</hideElementsInCurrentOnly>
<bounds x="901" y="432" width="247" height="163"/>
</OView>
</objectViews>
<connectors>
<Connector class="oracle.dbtools.crest.swingui.logical.TVRelation" oid="079B4909-3CA4-ED38-1D62-21761D215AC2" otype="Relation" vid_source="BAEC19F1-206C-E016-CA9C-C2A189415898" vid_target="63D337AC-1752-183C-919B-BBBE058BCD00">
<hideElementsInCurrentOnly>false</hideElementsInCurrentOnly>
<lineWidth>1</lineWidth>
<points>
<point x="634" y="502"/>
<point x="901" y="502"/>
</points>
</Connector>
<Connector class="oracle.dbtools.crest.swingui.logical.TVRelation" oid="1941055E-86E8-1535-138C-823B6B64D5A3" otype="Relation" vid_source="BAEC19F1-206C-E016-CA9C-C2A189415898" vid_target="2EF3DFDB-6D1C-B918-BD83-0265AAD5B2AB">
<hideElementsInCurrentOnly>false</hideElementsInCurrentOnly>
<lineWidth>1</lineWidth>
<points>
<point x="520" y="428"/>
<point x="520" y="308"/>
</points>
</Connector>
<Connector class="oracle.dbtools.crest.swingui.logical.TVRelation" oid="1A06CFAD-256A-04FC-06B9-19960F9C7F67" otype="Relation" vid_source="2D4DEED1-3FC9-0AB6-D785-282171C2ACA7" vid_target="63D337AC-1752-183C-919B-BBBE058BCD00">
<hideElementsInCurrentOnly>false</hideElementsInCurrentOnly>
<lineWidth>1</lineWidth>
<points>
<point x="1024" y="312"/>
<point x="1024" y="432"/>
</points>
</Connector>
<Connector class="oracle.dbtools.crest.swingui.logical.TVRelation" oid="4DE9C0A5-F5B1-265C-37A6-FBFE4DE1D673" otype="Relation" vid_source="2D4DEED1-3FC9-0AB6-D785-282171C2ACA7" vid_target="2EF3DFDB-6D1C-B918-BD83-0265AAD5B2AB">
<hideElementsInCurrentOnly>false</hideElementsInCurrentOnly>
<useDefaultColor>false</useDefaultColor>
<backgroundColor>-6684775</backgroundColor>
<lineWidth>2</lineWidth>
<points>
<point x="892" y="245"/>
<point x="638" y="245"/>
</points>
</Connector>
<Connector class="oracle.dbtools.crest.swingui.logical.TVRelation" oid="CDD53BCD-9843-7CBE-774C-E51289A44911" otype="Relation" vid_source="2EF3DFDB-6D1C-B918-BD83-0265AAD5B2AB" vid_target="63D337AC-1752-183C-919B-BBBE058BCD00">
<hideElementsInCurrentOnly>false</hideElementsInCurrentOnly>
<lineWidth>1</lineWidth>
<points>
<point x="638" y="235"/>
<point x="901" y="435"/>
</points>
</Connector>
</connectors>
</Diagram>